Workbook

Sheet All Trades
A1: ⚡ XAUUSD BOT — ALL TRADES
A2: Asian Range Breakout | Goldmine | Silver Bullet | ATR SL | 1:2 R:R | Capital.com Demo
A3: Date | B3: Time (IST) | C3: Strategy | D3: Direction | E3: Entry ($) | F3: SL ($) | G3: TP1 ($) | H3: TP2 ($) | I3: Size (oz) | J3: Exit ($) | K3: Gross P&L ($) | L3: Commission ($) | M3: Net P&L ($) | N3: Cumul. P&L ($) | O3: Equity ($) | P3: Result | Q3: Notes
A4: 2026-03-24 | B4: 23:15:09 | C4: S3 Silver Bullet | D4: BUY | E4: 4412.44 | F4: 4374.69 | G4: 4469.07 | H4: 4487.94 | I4: 10 | J4: 4377.86 | K4: -34575 | L4: 0.05 | M4: -34575.05 | N4: 0 | O4: 0 | P4: LOSS
A5: 2026-03-27 | B5: 01:25:01 | C5: S1 Asian Breakout | D5: SELL | E5: 4378.58 | F5: 4406.16 | G5: 4337.2 | H5: 4323.41 | I5: 10 | J5: 4365.51 | K5: 13065 | L5: 0.05 | M5: 13064.95 | N5: 0 | O5: 0 | P5: WIN
A6: 2026-03-31 | B6: 20:26:19 | C6: S1 Asian Breakout | D6: BUY | E6: 4623.66 | F6: 4595.2 | G6: 4666.34 | H6: 4680.57 | I6: 10 | J6: 4597.75 | K6: -25905 | L6: 0.05 | M6: -25905.05 | N6: 0 | O6: 0 | P6: LOSS
A7: 2026-04-01 | B7: 01:25:01 | C7: S1 Asian Breakout | D7: BUY | E7: 4662.66 | F7: 4636.25 | G7: 4702.27 | H7: 4715.48 | I7: 10 | J7: 4683.66 | K7: 21000 | L7: 0.05 | M7: 20999.95 | N7: 0 | O7: 0 | P7: WIN
A8: 2026-04-02 | B8: 01:21:55 | C8: S1 Asian Breakout | D8: BUY | E8: 4775.74 | F8: 4758.4 | G8: 4801.73 | H8: 4810.4 | I8: 10 | J8: 4763.55 | K8: -12190 | L8: 0.05 | M8: -12190.05 | N8: 0 | O8: 0 | P8: LOSS
A9: 2026-04-03 | B9: 01:25:02 | C9: S3 Silver Bullet | D9: BUY | E9: 4672.69 | F9: 4633.89 | G9: 4730.9 | H9: 4750.3 | I9: 10 | J9: 4674.89 | K9: 2200 | L9: 0.05 | M9: 2199.95 | N9: 0 | O9: 0 | P9: WIN
A10: 2026-04-07 | B10: 19:53:50 | C10: S1 Asian Breakout | D10: SELL | E10: 4608.14 | F10: 4635.05 | G10: 4567.78 | H10: 4554.32 | I10: 10 | J10: 4636.22 | K10: -28080 | L10: 0.05 | M10: -28080.05 | N10: 0 | O10: 0 | P10: LOSS
A11: 2026-04-08 | B11: 00:26:41 | C11: S1 Asian Breakout | D11: BUY | E11: 4681.89 | F11: 4659.88 | G11: 4714.91 | H11: 4725.91 | I11: 10 | J11: 4660.23 | K11: -21665 | L11: 0.05 | M11: -21665.05 | N11: 0 | O11: 0 | P11: LOSS
A12: 2026-04-09 | B12: 19:09:16 | C12: S1 Asian Breakout | D12: BUY | E12: 4744.74 | F12: 4731.52 | G12: 4764.57 | H12: 4771.17 | I12: 10 | J12: 4770.15 | K12: 25405 | L12: 0.05 | M12: 25404.95 | N12: 0 | O12: 0 | P12: WIN
A13: 2026-04-09 | B13: 21:05:18 | C13: S2 Goldmine | D13: BUY | E13: 4752.51 | F13: 4732.22 | G13: 4782.94 | H13: 4793.09 | I13: 10 | J13: 4792.68 | K13: 40170 | L13: 0.05 | M13: 40169.95 | N13: 0 | O13: 0 | P13: WIN
A14: 2026-04-14 | B14: 17:53:31 | C14: S1 Asian Breakout | D14: BUY | E14: 4777.57 | F14: 4763.22 | G14: 4799.1 | H14: 4806.28 | I14: 10 | J14: 4764.67 | K14: -12905 | L14: 0.05 | M14: -12905.05 | N14: 0 | O14: 0 | P14: LOSS
A15: 2026-04-15 | B15: 05:43:18 | C15: S1 Asian Breakout | D15: BUY | E15: 4845.25 | F15: 4832.68 | G15: 4864.1 | H15: 4870.38 | I15: 10 | J15: 4832.54 | K15: -12710 | L15: 0.05 | M15: -12710.05 | N15: 0 | O15: 0 | P15: LOSS
... A119: 2026-10-20 | B119: 19:09:54 | C119: S1 Asian Breakout | D119: SELL | E119: 4115.24 | F119: 4126.37 | G119: 4098.54 | H119: 4092.98 | I119: 10 | J119: 4127.15 | K119: -11915 | L119: 0.05 | M119: -11915.05 | N119: 0 | O119: 0 | P119: LOSS

Sheet S1 Asian Breakout
A1: ⚡ XAUUSD BOT — S1 ASIAN BREAKOUT
A2: Asian Range Breakout | Goldmine | Silver Bullet | ATR SL | 1:2 R:R | Capital.com Demo
A3: Date | B3: Time (IST) | C3: Strategy | D3: Direction | E3: Entry ($) | F3: SL ($) | G3: TP1 ($) | H3: TP2 ($) | I3: Size (oz) | J3: Exit ($) | K3: Gross P&L ($) | L3: Commission ($) | M3: Net P&L ($) | N3: Cumul. P&L ($) | O3: Equity ($) | P3: Result | Q3: Notes
A4: 2026-03-27 | B4: 01:25:01 | C4: S1 Asian Breakout | D4: SELL | E4: 4378.58 | F4: 4406.16 | G4: 4337.2 | H4: 4323.41 | I4: 10 | J4: 4365.51 | K4: 13065 | L4: 0.05 | M4: 13064.95 | N4: 0 | O4: 0 | P4: WIN
A5: 2026-03-31 | B5: 20:26:19 | C5: S1 Asian Breakout | D5: BUY | E5: 4623.66 | F5: 4595.2 | G5: 4666.34 | H5: 4680.57 | I5: 10 | J5: 4597.75 | K5: -25905 | L5: 0.05 | M5: -25905.05 | N5: 0 | O5: 0 | P5: LOSS
A6: 2026-04-01 | B6: 01:25:01 | C6: S1 Asian Breakout | D6: BUY | E6: 4662.66 | F6: 4636.25 | G6: 4702.27 | H6: 4715.48 | I6: 10 | J6: 4683.66 | K6: 21000 | L6: 0.05 | M6: 20999.95 | N6: 0 | O6: 0 | P6: WIN
A7: 2026-04-02 | B7: 01:21:55 | C7: S1 Asian Breakout | D7: BUY | E7: 4775.74 | F7: 4758.4 | G7: 4801.73 | H7: 4810.4 | I7: 10 | J7: 4763.55 | K7: -12190 | L7: 0.05 | M7: -12190.05 | N7: 0 | O7: 0 | P7: LOSS
A8: 2026-04-07 | B8: 19:53:50 | C8: S1 Asian Breakout | D8: SELL | E8: 4608.14 | F8: 4635.05 | G8: 4567.78 | H8: 4554.32 | I8: 10 | J8: 4636.22 | K8: -28080 | L8: 0.05 | M8: -28080.05 | N8: 0 | O8: 0 | P8: LOSS
A9: 2026-04-08 | B9: 00:26:41 | C9: S1 Asian Breakout | D9: BUY | E9: 4681.89 | F9: 4659.88 | G9: 4714.91 | H9: 4725.91 | I9: 10 | J9: 4660.23 | K9: -21665 | L9: 0.05 | M9: -21665.05 | N9: 0 | O9: 0 | P9: LOSS
A10: 2026-04-09 | B10: 19:09:16 | C10: S1 Asian Breakout | D10: BUY | E10: 4744.74 | F10: 4731.52 | G10: 4764.57 | H10: 4771.17 | I10: 10 | J10: 4770.15 | K10: 25405 | L10: 0.05 | M10: 25404.95 | N10: 0 | O10: 0 | P10: WIN
A11: 2026-04-14 | B11: 17:53:31 | C11: S1 Asian Breakout | D11: BUY | E11: 4777.57 | F11: 4763.22 | G11: 4799.1 | H11: 4806.28 | I11: 10 | J11: 4764.67 | K11: -12905 | L11: 0.05 | M11: -12905.05 | N11: 0 | O11: 0 | P11: LOSS
A12: 2026-04-15 | B12: 05:43:18 | C12: S1 Asian Breakout | D12: BUY | E12: 4845.25 | F12: 4832.68 | G12: 4864.1 | H12: 4870.38 | I12: 10 | J12: 4832.54 | K12: -12710 | L12: 0.05 | M12: -12710.05 | N12: 0 | O12: 0 | P12: LOSS
A13: 2026-04-15 | B13: 21:00:18 | C13: S1 Asian Breakout | D13: SELL | E13: 4819.79 | F13: 4831.37 | G13: 4802.42 | H13: 4796.63 | I13: 10 | J13: 4795.79 | K13: 24000 | L13: 0.05 | M13: 23999.95 | N13: 0 | O13: 0 | P13: WIN
A14: 2026-04-16 | B14: 21:42:16 | C14: S1 Asian Breakout | D14: SELL | E14: 4787.83 | F14: 4804.19 | G14: 4763.28 | H14: 4755.1 | I14: 10 | J14: 4806.45 | K14: -18625 | L14: 0.05 | M14: -18625.05 | N14: 0 | O14: 0 | P14: LOSS
A15: 2026-04-22 | B15: 01:25:01 | C15: S1 Asian Breakout | D15: SELL | E15: 4709.86 | F15: 4732.6 | G15: 4675.76 | H15: 4664.4 | I15: 10 | J15: 4680.63 | K15: 29235 | L15: 0.05 | M15: 29234.95 | N15: 0 | O15: 0 | P15: WIN
... A100: 2026-10-20 | B100: 19:09:54 | C100: S1 Asian Breakout | D100: SELL | E100: 4115.24 | F100: 4126.37 | G100: 4098.54 | H100: 4092.98 | I100: 10 | J100: 4127.15 | K100: -11915 | L100: 0.05 | M100: -11915.05 | N100: 0 | O100: 0 | P100: LOSS

Sheet S2 Goldmine
A1: ⚡ XAUUSD BOT — S2 GOLDMINE
A2: Asian Range Breakout | Goldmine | Silver Bullet | ATR SL | 1:2 R:R | Capital.com Demo
A3: Date | B3: Time (IST) | C3: Strategy | D3: Direction | E3: Entry ($) | F3: SL ($) | G3: TP1 ($) | H3: TP2 ($) | I3: Size (oz) | J3: Exit ($) | K3: Gross P&L ($) | L3: Commission ($) | M3: Net P&L ($) | N3: Cumul. P&L ($) | O3: Equity ($) | P3: Result | Q3: Notes
A4: 2026-04-09 | B4: 21:05:18 | C4: S2 Goldmine | D4: BUY | E4: 4752.51 | F4: 4732.22 | G4: 4782.94 | H4: 4793.09 | I4: 10 | J4: 4792.68 | K4: 40170 | L4: 0.05 | M4: 40169.95 | N4: 0 | O4: 0 | P4: WIN
A5: 2026-06-04 | B5: 01:25:01 | C5: S2 Goldmine | D5: SELL | E5: 4455.6 | F5: 4473.77 | G5: 4428.34 | H5: 4419.26 | I5: 10 | J5: 4445.14 | K5: 10460 | L5: 0.05 | M5: 10459.95 | N5: 0 | O5: 0 | P5: WIN
A6: 2026-06-04 | B6: 20:21:31 | C6: S2 Goldmine | D6: BUY | E6: 4481.35 | F6: 4461.97 | G6: 4510.44 | H6: 4520.13 | I6: 10 | J6: 4464.7 | K6: -16650 | L6: 0.05 | M6: -16650.05 | N6: 0 | O6: 0 | P6: LOSS
A7: 2026-06-17 | B7: 18:53:33 | C7: S2 Goldmine | D7: SELL | E7: 4327.09 | F7: 4334.94 | G7: 4315.3 | H7: 4311.37 | I7: 10 | J7: 4337.07 | K7: -9985 | L7: 0.05 | M7: -9985.05 | N7: 0 | O7: 0 | P7: LOSS
A8: 2026-07-02 | B8: 19:20:50 | C8: S2 Goldmine | D8: BUY | E8: 4110.27 | F8: 4093.77 | G8: 4135.02 | H8: 4143.27 | I8: 10 | J8: 4142.55 | K8: 32280 | L8: 0.05 | M8: 32279.95 | N8: 0 | O8: 0 | P8: WIN
A9: 2026-08-26 | B9: 21:36:02 | C9: S2 Goldmine | D9: SELL | E9: 4625.56 | F9: 4640.5 | G9: 4603.15 | H9: 4595.69 | I9: 10 | J9: 4601.18 | K9: 24380 | L9: 0.05 | M9: 24379.95 | N9: 0 | O9: 0 | P9: WIN

Sheet S3 Silver Bullet
A1: ⚡ XAUUSD BOT — S3 SILVER BULLET
A2: Asian Range Breakout | Goldmine | Silver Bullet | ATR SL | 1:2 R:R | Capital.com Demo
A3: Date | B3: Time (IST) | C3: Strategy | D3: Direction | E3: Entry ($) | F3: SL ($) | G3: TP1 ($) | H3: TP2 ($) | I3: Size (oz) | J3: Exit ($) | K3: Gross P&L ($) | L3: Commission ($) | M3: Net P&L ($) | N3: Cumul. P&L ($) | O3: Equity ($) | P3: Result | Q3: Notes
A4: 2026-03-24 | B4: 23:15:09 | C4: S3 Silver Bullet | D4: BUY | E4: 4412.44 | F4: 4374.69 | G4: 4469.07 | H4: 4487.94 | I4: 10 | J4: 4377.86 | K4: -34575 | L4: 0.05 | M4: -34575.05 | N4: 0 | O4: 0 | P4: LOSS
A5: 2026-04-03 | B5: 01:25:02 | C5: S3 Silver Bullet | D5: BUY | E5: 4672.69 | F5: 4633.89 | G5: 4730.9 | H5: 4750.3 | I5: 10 | J5: 4674.89 | K5: 2200 | L5: 0.05 | M5: 2199.95 | N5: 0 | O5: 0 | P5: WIN
A6: 2026-04-29 | B6: 01:25:01 | C6: S3 Silver Bullet | D6: BUY | E6: 4597.12 | F6: 4586.78 | G6: 4612.64 | H6: 4617.81 | I6: 10 | J6: 4595.28 | K6: -1845 | L6: 0.05 | M6: -1845.05 | N6: 0 | O6: 0 | P6: LOSS
A7: 2026-05-01 | B7: 01:25:02 | C7: S3 Silver Bullet | D7: SELL | E7: 4620.15 | F7: 4636.4 | G7: 4595.76 | H7: 4587.63 | I7: 10 | J7: 4616.58 | K7: 3565 | L7: 0.05 | M7: 3564.95 | N7: 0 | O7: 0 | P7: WIN
A8: 2026-05-14 | B8: 15:32:53 | C8: S3 Silver Bullet | D8: BUY | E8: 4686.24 | F8: 4676.28 | G8: 4701.16 | H8: 4706.14 | I8: 10 | J8: 4699.49 | K8: 13255 | L8: 0.05 | M8: 13254.95 | N8: 0 | O8: 0 | P8: WIN
A9: 2026-07-02 | B9: 01:22:15 | C9: S3 Silver Bullet | D9: SELL | E9: 4066.14 | F9: 4075.32 | G9: 4052.37 | H9: 4047.78 | I9: 10 | J9: 4046.22 | K9: 19920 | L9: 0.05 | M9: 19919.95 | N9: 0 | O9: 0 | P9: WIN
A10: 2026-08-04 | B10: 22:34:23 | C10: S3 Silver Bullet | D10: SELL | E10: 4083.34 | F10: 4100.59 | G10: 4057.46 | H10: 4048.83 | I10: 10 | J10: 4100.35 | K10: -17010 | L10: 0.05 | M10: -17010.05 | N10: 0 | O10: 0 | P10: LOSS
A11: 2026-08-12 | B11: 01:25:01 | C11: S3 Silver Bullet | D11: BUY | E11: 4365.69 | F11: 4355.91 | G11: 4380.37 | H11: 4385.26 | I11: 10 | J11: 4369.47 | K11: 3775 | L11: 0.05 | M11: 3774.95 | N11: 0 | O11: 0 | P11: WIN
A12: 2026-08-20 | B12: 15:24:03 | C12: S3 Silver Bullet | D12: BUY | E12: 4492.51 | F12: 4482.66 | G12: 4507.28 | H12: 4512.21 | I12: 10 | J12: 4483.03 | K12: -9480 | L12: 0.05 | M12: -9480.05 | N12: 0 | O12: 0 | P12: LOSS
A13: 2026-09-09 | B13: 22:33:12 | C13: S3 Silver Bullet | D13: SELL | E13: 4391.73 | F13: 4414.3 | G13: 4357.86 | H13: 4346.57 | I13: 10 | J13: 4413.43 | K13: -21705 | L13: 0.05 | M13: -21705.05 | N13: 0 | O13: 0 | P13: LOSS
A14: 2026-09-16 | B14: 23:31:33 | C14: S3 Silver Bullet | D14: BUY | E14: 4350.74 | F14: 4334.47 | G14: 4375.15 | H14: 4383.28 | I14: 10 | J14: 4331.05 | K14: -19690 | L14: 0.05 | M14: -19690.05 | N14: 0 | O14: 0 | P14: LOSS
A15: 2026-10-01 | B15: 01:25:01 | C15: S3 Silver Bullet | D15: SELL | E15: 4154.27 | F15: 4162.31 | G15: 4142.22 | H15: 4138.2 | I15: 10 | J15: 4155.29 | K15: -1015 | L15: 0.05 | M15: -1015.05 | N15: 0 | O15: 0 | P15: LOSS
A16: 2026-10-08 | B16: 01:25:01 | C16: S3 Silver Bullet | D16: BUY | E16: 4102.65 | F16: 4083.42 | G16: 4131.48 | H16: 4141.09 | I16: 10 | J16: 4101.44 | K16: -1205 | L16: 0.05 | M16: -1205.05 | N16: 0 | O16: 0 | P16: LOSS

Sheet Performance
A1: ⚡ XAUUSD BOT — PERFORMANCE SUMMARY
A2: Metric | B2: S1 Asian | C2: S2 Goldmine | D2: S3 Silver | E2: Combined | F2: Target | G2: Notes
A3: Total Net P&L ($) | B3: =SUMIFS('S1 Asian Breakout'!M:M,'S1 Asian Breakout'!P:P,"WIN")+SUMIFS('S1 Asian Breakout'!M:M,'S1 Asian Breakout'!P:P,"LOSS") | C3: =SUMIFS('S2 Goldmine'!M:M,'S2 Goldmine'!P:P,"WIN")+SUMIFS('S2 Goldmine'!M:M,'S2 Goldmine'!P:P,"LOSS") | D3: =SUMIFS('S3 Silver Bullet'!M:M,'S3 Silver Bullet'!P:P,"WIN")+SUMIFS('S3 Silver Bullet'!M:M,'S3 Silver Bullet'!P:P,"LOSS") | E3: =B3+C3+D3 | F3: — | G3: Net of commission
A4: Total Trades | B4: =COUNTA('S1 Asian Breakout'!A4:A10000) | C4: =COUNTA('S2 Goldmine'!A4:A10000) | D4: =COUNTA('S3 Silver Bullet'!A4:A10000) | E4: =B4+C4+D4 | F4: —
A5: Winning Trades | B5: =COUNTIF('S1 Asian Breakout'!P:P,"WIN") | C5: =COUNTIF('S2 Goldmine'!P:P,"WIN") | D5: =COUNTIF('S3 Silver Bullet'!P:P,"WIN") | E5: =B5+C5+D5 | F5: —
A6: Losing Trades | B6: =COUNTIF('S1 Asian Breakout'!P:P,"LOSS") | C6: =COUNTIF('S2 Goldmine'!P:P,"LOSS") | D6: =COUNTIF('S3 Silver Bullet'!P:P,"LOSS") | E6: =B6+C6+D6 | F6: —
A7: Hit Ratio | B7: =IFERROR(B5/B4,0) | C7: =IFERROR(C5/C4,0) | D7: =IFERROR(D5/D4,0) | E7: =IFERROR(E5/E4,0) | F7: S1:55% S2:82% S3:78% | G7: Per research
A8: Avg Win ($) | B8: =IFERROR(AVERAGEIF('S1 Asian Breakout'!P:P,"WIN",'S1 Asian Breakout'!M:M),0) | C8: =IFERROR(AVERAGEIF('S2 Goldmine'!P:P,"WIN",'S2 Goldmine'!M:M),0) | D8: =IFERROR(AVERAGEIF('S3 Silver Bullet'!P:P,"WIN",'S3 Silver Bullet'!M:M),0) | E8: =IFERROR((B3+C3+D3)/(B5+C5+D5),0) | F8: —
A9: Avg Loss ($) | B9: =IFERROR(AVERAGEIF('S1 Asian Breakout'!P:P,"LOSS",'S1 Asian Breakout'!M:M),0) | C9: =IFERROR(AVERAGEIF('S2 Goldmine'!P:P,"LOSS",'S2 Goldmine'!M:M),0) | D9: =IFERROR(AVERAGEIF('S3 Silver Bullet'!P:P,"LOSS",'S3 Silver Bullet'!M:M),0) | E9: =IFERROR((B3+C3+D3)/(B6+C6+D6),0) | F9: —
A10: Gain:Loss Ratio | B10: =IFERROR(ABS(B7/B8),0) | C10: =IFERROR(ABS(C7/C8),0) | D10: =IFERROR(ABS(D7/D8),0) | E10: =IFERROR(ABS(E7/E8),0) | F10: >1.5x | G10: Target minimum
A11: Max Win ($) | B11: =IFERROR(MAXIFS('S1 Asian Breakout'!M:M,'S1 Asian Breakout'!P:P,"WIN"),0) | C11: =IFERROR(MAXIFS('S2 Goldmine'!M:M,'S2 Goldmine'!P:P,"WIN"),0) | D11: =IFERROR(MAXIFS('S3 Silver Bullet'!M:M,'S3 Silver Bullet'!P:P,"WIN"),0) | E11: =MAX(B10,C10,D10) | F11: —
A12: Max Loss ($) | B12: =IFERROR(MINIFS('S1 Asian Breakout'!M:M,'S1 Asian Breakout'!P:P,"LOSS"),0) | C12: =IFERROR(MINIFS('S2 Goldmine'!M:M,'S2 Goldmine'!P:P,"LOSS"),0) | D12: =IFERROR(MINIFS('S3 Silver Bullet'!M:M,'S3 Silver Bullet'!P:P,"LOSS"),0) | E12: =MIN(B11,C11,D11) | F12: —
